idUsuario1,idUsuario2,fechaAmistad
1,6,2026-05-22
1,102,2017-04-09
1,383,2021-06-10
2,152,2019-05-16
2,183,2022-05-28
2,368,2022-08-23
2,392,2018-05-02
2,491,2022-11-13
3,22,2021-12-23
3,36,2024-10-17
3,62,2019-03-14
3,180,2017-10-16
3,266,2026-01-13
3,327,2024-01-30
3,353,2026-04-24
3,374,2017-08-16
3,377,2025-10-15
3,467,2019-11-05
3,492,2025-08-11
4,22,2026-03-03
4,110,2021-12-05
4,222,2021-01-07
4,249,2022-12-30
4,371,2021-11-30
4,389,2021-01-03
4,494,2017-07-07
4,497,2026-04-30
5,90,2021-03-25
5,93,2019-05-26
5,128,2020-06-09
5,217,2016-11-29
5,295,2019-04-17
5,324,2024-09-12
5,462,2017-03-06
5,487,2021-08-12
6,111,2017-07-17
6,219,2023-08-10
6,356,2026-03-16
6,406,2016-12-15
6,411,2016-08-09
6,434,2021-04-07
6,436,2018-12-10
6,466,2022-10-08
7,32,2025-06-13
7,52,2019-12-15
7,91,2023-09-13
7,130,2017-03-04
7,163,2021-12-08
7,294,2020-11-03
7,313,2023-02-08
7,384,2020-12-14
8,45,2024-05-30
8,187,2020-08-29
8,202,2023-11-20
8,338,2018-09-07
8,391,2019-11-22
9,24,2025-03-12
9,80,2018-08-17
9,105,2017-01-11
9,149,2023-07-19
9,168,2024-05-02
9,195,2018-02-22
9,229,2018-04-21
9,335,2020-10-22
9,365,2022-06-17
9,378,2017-03-26
9,384,2018-12-11
9,428,2018-08-02
9,457,2025-12-01
10,56,2023-09-27
10,144,2019-11-22
10,149,2023-05-01
10,158,2020-08-18
10,191,2018-11-07
10,349,2017-02-23
10,359,2022-02-16
10,398,2017-02-21
10,463,2023-12-12
10,475,2025-10-27
11,15,2022-03-18
11,44,2018-12-11
11,53,2022-07-31
11,56,2018-07-29
11,76,2017-09-13
11,118,2024-11-07
11,149,2024-05-27
11,292,2024-01-20
11,338,2016-11-17
11,340,2021-12-30
11,359,2026-03-26
11,426,2018-07-30
11,472,2019-11-07
12,53,2024-09-17
12,70,2023-03-16
12,85,2020-02-27
12,96,2022-10-24
12,412,2024-07-08
13,67,2018-12-31
13,74,2022-03-07
13,95,2018-03-22
13,225,2025-11-15
13,272,2018-05-04
13,418,2018-07-22
14,38,2017-08-04
14,87,2022-02-05
14,198,2021-04-19
14,217,2016-07-19
14,222,2018-02-15
14,282,2026-04-08
15,39,2024-04-11
15,183,2017-09-05
15,247,2024-12-26
15,325,2020-05-11
15,333,2018-06-06
15,389,2023-05-19
15,398,2018-09-05
15,492,2016-07-06
16,75,2016-07-04
16,77,2017-01-19
16,90,2017-08-31
16,105,2018-05-04
16,142,2026-02-07
16,170,2019-06-25
16,211,2023-12-22
16,344,2025-09-28
16,364,2017-02-17
16,403,2018-06-20
16,406,2022-03-05
16,478,2020-05-25
17,50,2021-02-20
17,196,2021-04-23
17,221,2023-12-19
17,241,2025-07-19
17,365,2024-11-19
17,371,2017-02-06
17,394,2016-08-19
17,447,2016-11-30
18,56,2018-07-28
18,70,2021-05-14
18,191,2023-08-22
18,386,2017-09-27
18,476,2023-11-03
19,35,2019-01-13
19,65,2017-12-21
19,196,2020-12-17
19,302,2023-09-02
19,365,2022-02-09
19,409,2019-05-17
19,418,2017-11-13
20,111,2023-09-30
20,182,2020-02-06
20,203,2019-10-01
20,242,2022-03-16
20,380,2021-07-06
20,465,2024-03-07
21,48,2020-07-15
21,125,2023-03-23
21,153,2023-08-07
21,173,2021-11-11
21,245,2021-11-21
21,255,2019-07-09
21,324,2018-02-05
21,413,2024-02-16
21,454,2022-02-03
21,460,2020-12-29
21,464,2020-04-20
22,55,2022-08-04
22,89,2018-02-04
22,185,2024-04-03
22,204,2025-09-24
22,247,2024-12-06
22,259,2024-05-18
22,269,2021-08-25
22,318,2025-12-25
23,35,2024-06-07
23,127,2020-07-10
23,170,2020-06-06
23,354,2022-01-21
23,379,2024-12-12
23,398,2026-02-14
23,482,2025-10-02
24,45,2020-07-28
24,71,2021-04-24
24,72,2017-06-26
24,198,2022-06-19
24,207,2023-12-10
24,260,2018-11-10
24,306,2020-09-09
24,363,2021-03-26
24,488,2019-08-24
25,39,2023-05-01
25,50,2025-02-13
25,136,2022-04-10
25,202,2018-11-05
25,217,2025-07-15
25,219,2025-07-04
25,289,2022-08-30
25,306,2018-03-10
25,317,2018-03-18
25,361,2016-11-15
25,403,2018-11-19
25,435,2016-11-21
25,440,2022-03-30
25,472,2018-09-11
25,485,2021-09-21
26,129,2019-02-16
26,232,2024-03-04
26,274,2022-01-11
26,303,2020-08-16
26,376,2016-07-01
26,395,2019-10-22
26,402,2016-07-22
26,462,2024-10-13
27,63,2022-08-24
27,66,2023-01-05
27,219,2025-05-08
27,228,2026-05-28
27,234,2017-08-02
27,262,2026-02-13
27,265,2026-04-19
27,289,2021-11-10
27,301,2022-11-25
27,449,2019-06-22
28,151,2020-05-08
28,209,2026-05-29
28,225,2019-05-22
28,381,2024-02-26
29,53,2026-04-09
29,97,2019-09-10
29,101,2021-01-16
29,130,2024-06-26
29,180,2020-12-09
29,194,2018-08-30
29,237,2022-06-16
29,316,2021-06-01
29,335,2017-05-28
29,461,2020-01-13
30,49,2023-04-28
30,78,2017-02-10
30,79,2016-08-16
30,150,2022-06-07
30,200,2026-02-18
30,216,2021-02-15
30,220,2023-06-05
30,258,2019-11-03
30,411,2020-06-20
31,134,2022-10-02
31,166,2018-10-10
31,186,2025-04-23
31,220,2025-07-15
31,232,2019-09-11
31,244,2016-11-27
31,321,2019-02-19
31,398,2019-06-15
31,453,2018-08-09
32,197,2023-10-26
32,307,2025-03-03
32,354,2021-08-28
32,380,2022-08-08
32,389,2018-11-22
32,474,2017-08-29
33,156,2022-01-25
33,162,2024-09-12
33,190,2025-06-09
33,192,2022-12-22
33,239,2024-05-19
33,275,2025-04-24
33,306,2018-08-24
33,316,2016-08-12
33,353,2016-08-19
33,393,2018-10-26
33,452,2025-05-16
34,56,2022-06-21
34,231,2018-06-24
34,241,2016-07-18
34,324,2023-10-14
34,359,2026-03-01
34,482,2017-08-19
35,153,2019-02-19
35,192,2025-11-21
35,376,2017-03-14
35,384,2024-10-30
35,449,2020-07-21
36,101,2021-01-06
36,124,2024-03-02
36,144,2017-06-29
36,154,2016-07-30
36,161,2019-03-29
36,264,2024-03-15
36,298,2019-07-10
36,320,2020-09-21
36,353,2022-09-08
36,357,2025-03-06
36,382,2018-04-22
36,430,2026-01-04
36,451,2025-09-06
36,453,2022-09-27
37,155,2016-10-31
37,185,2019-03-01
37,244,2026-02-26
37,291,2019-10-27
37,297,2022-08-29
37,303,2016-11-13
37,307,2018-02-04
37,330,2026-01-20
38,93,2026-05-14
38,188,2021-05-28
38,300,2025-10-07
38,358,2017-09-08
38,389,2022-01-04
38,456,2018-06-13
38,498,2017-01-15
39,90,2022-08-23
39,110,2019-05-13
39,122,2025-05-25
39,146,2016-07-04
39,187,2023-11-01
39,252,2022-02-19
39,339,2022-04-08
39,376,2023-05-30
39,400,2020-12-25
39,415,2022-12-06
39,429,2020-02-04
40,96,2026-04-11
40,114,2026-05-24
40,228,2017-12-10
40,295,2023-02-11
40,447,2024-08-29
41,77,2019-07-17
41,121,2021-01-08
41,158,2022-02-13
41,159,2021-03-14
41,162,2022-09-12
41,354,2017-03-22
41,396,2026-05-28
41,413,2021-12-02
41,453,2023-09-26
41,458,2026-05-12
41,460,2024-02-28
41,464,2018-09-05
42,47,2020-03-18
42,65,2024-09-22
42,223,2024-06-07
42,402,2025-04-24
43,144,2021-11-08
43,254,2017-02-13
43,322,2023-11-10
43,382,2018-07-06
43,478,2016-11-11
44,141,2016-08-22
44,170,2018-11-26
44,196,2019-03-23
44,247,2017-02-24
44,329,2020-10-28
44,334,2018-03-14
44,339,2024-01-03
44,482,2016-08-03
44,489,2020-04-15
45,54,2021-10-24
45,78,2023-08-29
45,205,2025-03-09
45,343,2018-04-07
45,435,2024-11-12
45,444,2016-08-28
45,496,2024-03-06
46,96,2025-08-10
46,98,2020-03-30
46,109,2017-02-01
46,198,2023-03-09
46,246,2023-07-07
46,248,2025-07-13
46,363,2022-03-17
46,446,2022-06-01
46,495,2020-12-03
47,93,2020-08-02
47,230,2026-01-03
47,367,2022-03-08
47,465,2024-04-01
47,499,2026-03-24
48,51,2018-10-22
48,121,2019-04-06
48,204,2023-12-07
48,242,2016-07-06
48,293,2019-10-13
48,339,2023-07-07
48,357,2017-07-10
48,386,2024-03-17
48,497,2023-02-15
49,62,2019-12-24
49,91,2025-09-06
49,182,2017-12-06
49,257,2020-12-06
49,410,2026-06-14
49,463,2025-10-01
50,55,2026-05-19
50,85,2024-01-20
50,284,2022-11-21
50,292,2026-06-12
50,405,2018-08-14
50,435,2022-07-10
51,159,2018-12-22
51,213,2025-05-10
51,278,2025-12-06
51,368,2020-12-23
52,89,2017-09-22
52,193,2019-03-19
52,244,2025-05-07
52,274,2024-12-26
52,297,2023-04-13
52,473,2019-08-07
52,481,2017-07-27
53,54,2025-03-16
53,100,2022-02-07
53,228,2017-01-18
53,288,2026-05-28
53,372,2017-06-15
53,377,2023-08-07
53,396,2017-08-16
53,468,2019-02-26
54,91,2017-11-15
54,117,2022-09-22
54,156,2025-03-02
54,200,2022-06-21
54,411,2019-04-28
54,412,2025-07-01
54,425,2020-08-22
54,481,2021-05-15
54,499,2025-03-23
55,96,2019-01-04
55,105,2018-04-22
55,114,2022-12-12
55,208,2016-11-04
55,244,2020-05-12
55,250,2020-06-18
55,261,2022-10-23
55,312,2020-04-01
55,384,2019-10-08
55,397,2025-06-16
55,402,2020-05-23
55,450,2020-12-15
56,59,2023-06-23
56,125,2026-01-17
56,132,2019-11-11
56,174,2023-08-03
56,220,2023-01-20
56,314,2025-12-10
56,384,2021-10-14
57,81,2016-10-27
57,324,2017-10-14
57,381,2016-12-13
57,424,2022-05-02
57,442,2016-10-29
58,68,2016-09-27
58,88,2019-08-26
58,212,2024-05-26
58,218,2020-04-21
58,369,2024-05-11
59,156,2025-09-27
59,416,2018-01-23
59,478,2020-05-27
60,100,2023-07-21
60,237,2026-04-23
60,293,2022-10-21
60,413,2022-12-13
61,86,2019-09-20
61,145,2024-10-24
61,362,2019-02-01
61,384,2023-10-15
61,459,2020-10-12
61,465,2026-04-01
62,63,2019-05-27
62,73,2020-09-13
62,178,2016-09-19
62,222,2023-11-04
62,308,2016-11-23
62,317,2021-07-08
62,428,2026-03-16
62,438,2018-10-14
63,67,2022-10-31
63,72,2017-11-01
63,90,2024-11-15
63,102,2021-10-05
63,104,2021-04-24
63,226,2020-10-27
63,322,2025-07-20
63,379,2016-07-19
63,400,2019-10-18
63,416,2021-04-02
63,439,2022-04-12
64,99,2024-02-05
64,116,2018-05-21
64,161,2020-12-15
64,181,2019-08-13
64,217,2020-01-14
64,222,2024-04-25
64,288,2026-02-12
64,306,2023-07-27
64,332,2021-10-31
64,337,2024-05-23
64,373,2022-01-19
64,407,2025-07-15
65,144,2018-03-09
65,181,2019-05-13
65,236,2021-11-07
65,445,2018-06-14
65,475,2018-05-31
65,481,2025-11-20
66,79,2026-06-09
66,90,2019-04-21
66,110,2022-07-04
66,167,2022-07-08
66,182,2019-07-22
66,337,2022-09-09
66,397,2020-11-05
66,418,2025-06-15
66,420,2020-02-28
66,442,2023-02-20
66,473,2018-04-06
67,109,2026-02-19
67,120,2025-01-01
67,131,2022-11-08
67,204,2022-08-23
68,88,2024-05-15
68,117,2018-11-30
68,252,2020-06-27
68,320,2019-02-23
68,353,2024-04-30
68,358,2021-08-25
68,396,2016-07-08
68,477,2022-03-08
69,126,2019-03-29
69,163,2020-08-18
69,245,2024-01-28
69,271,2024-04-21
69,325,2017-07-22
69,363,2017-10-31
70,86,2019-10-20
70,328,2021-04-08
70,451,2016-11-26
71,258,2022-02-11
71,294,2017-05-02
71,336,2019-01-01
72,75,2022-02-10
72,186,2024-11-19
72,203,2022-10-24
72,209,2025-08-28
72,249,2026-02-21
72,287,2025-08-09
72,352,2017-04-04
72,436,2021-11-07
72,450,2023-05-11
72,475,2023-12-03
72,499,2018-06-01
73,134,2024-12-13
73,138,2020-01-19
73,280,2025-05-22
73,321,2024-01-01
73,448,2023-09-29
74,78,2022-03-18
74,99,2017-02-27
74,136,2022-11-23
74,160,2018-10-10
74,183,2020-03-06
74,200,2018-08-05
74,209,2018-11-10
74,288,2023-10-11
74,301,2020-02-29
74,474,2019-05-02
75,160,2018-09-29
75,180,2024-12-14
75,192,2024-10-01
75,251,2017-10-23
75,269,2019-05-23
75,345,2019-06-18
75,427,2019-12-21
76,175,2026-03-08
76,423,2017-06-11
76,437,2025-06-06
76,452,2017-11-15
76,483,2016-10-06
77,103,2025-04-05
77,139,2023-12-19
77,172,2017-06-28
77,218,2017-12-19
77,250,2019-06-02
77,373,2017-08-07
77,380,2016-07-11
77,448,2016-06-21
78,147,2019-05-17
78,202,2016-10-28
78,267,2017-11-15
78,299,2016-09-03
78,372,2020-08-10
78,488,2023-11-08
79,100,2016-11-23
79,174,2023-06-30
79,197,2025-10-05
79,225,2017-11-26
79,257,2019-04-27
79,383,2023-04-09
79,386,2020-10-19
80,114,2020-02-04
80,179,2018-11-20
80,203,2024-10-31
80,220,2018-09-19
80,461,2022-07-19
80,475,2025-05-14
80,498,2025-05-22
81,110,2021-12-22
81,201,2017-01-17
81,207,2021-09-10
81,253,2022-04-20
81,362,2022-07-16
81,483,2022-08-05
82,154,2017-12-28
82,173,2022-07-21
82,205,2023-09-17
82,229,2016-07-02
82,231,2018-10-16
82,374,2023-11-20
82,375,2023-04-02
82,382,2022-11-19
82,412,2021-10-10
82,418,2019-10-28
83,127,2024-10-11
83,206,2021-09-05
83,237,2024-03-07
83,246,2019-11-27
83,293,2025-03-28
83,375,2017-12-07
83,423,2022-01-03
84,109,2020-03-04
84,224,2019-10-21
84,282,2021-01-20
84,347,2023-05-27
84,490,2016-08-22
85,193,2018-07-17
85,382,2020-01-08
86,115,2022-05-14
86,204,2024-03-19
86,211,2020-11-05
86,221,2019-09-19
86,304,2016-11-27
86,352,2025-07-21
86,358,2021-01-07
86,361,2021-07-01
86,476,2021-09-22
87,218,2020-12-08
88,99,2025-04-25
88,188,2022-04-21
88,321,2021-06-24
88,363,2025-12-09
88,486,2022-03-13
88,488,2021-11-06
89,122,2024-07-18
89,184,2023-03-10
89,304,2021-10-14
89,312,2026-02-19
89,465,2023-05-27
90,118,2020-01-16
90,119,2020-03-28
90,134,2023-07-24
90,169,2022-09-20
90,233,2018-07-23
90,282,2025-06-26
90,306,2018-12-25
90,325,2022-07-22
90,353,2017-04-06
90,386,2021-11-11
90,399,2019-11-14
91,104,2017-08-06
91,120,2016-11-06
91,136,2021-12-24
91,243,2023-09-12
91,272,2025-11-02
91,285,2019-08-26
91,298,2021-12-22
91,311,2017-03-12
91,413,2019-10-30
91,480,2025-07-16
92,140,2018-08-08
92,154,2018-04-13
92,231,2021-03-20
92,280,2020-07-09
92,389,2025-09-05
92,430,2022-07-28
93,103,2023-08-30
93,107,2024-09-23
93,130,2022-08-04
93,265,2022-08-06
93,277,2023-11-01
93,486,2023-10-13
94,120,2022-05-28
94,136,2018-04-20
94,148,2020-02-02
94,277,2019-04-21
94,279,2016-06-21
94,280,2021-05-27
94,310,2024-04-30
94,404,2017-09-18
94,480,2026-01-05
95,151,2019-01-26
95,167,2024-11-15
95,231,2026-01-27
95,294,2023-05-26
95,419,2022-05-08
96,157,2025-10-05
96,314,2016-08-09
96,393,2025-04-29
96,435,2019-06-12
96,451,2020-04-06
96,500,2017-04-26
97,432,2021-07-28
97,449,2024-06-21
98,215,2025-12-02
98,288,2016-11-09
98,301,2017-10-07
99,377,2016-07-12
99,396,2023-11-26
99,401,2019-05-02
99,495,2024-08-21
100,105,2020-01-07
100,184,2021-09-21
100,202,2018-05-20
101,163,2024-09-15
101,283,2024-11-06
101,400,2018-03-21
101,403,2019-02-08
101,417,2020-06-25
101,477,2020-03-24
102,338,2022-09-04
102,368,2021-01-13
102,441,2023-09-26
102,452,2017-06-07
103,107,2017-03-15
103,116,2016-11-19
103,131,2024-11-21
103,132,2021-09-18
103,181,2023-08-31
103,185,2025-04-22
103,231,2017-01-29
103,296,2023-04-28
103,483,2019-02-01
104,111,2021-04-25
104,117,2021-12-27
104,327,2019-08-13
104,330,2024-01-02
104,353,2021-12-20
104,403,2024-06-17
104,471,2023-12-28
105,130,2020-02-21
105,203,2021-04-26
105,223,2025-04-06
105,285,2017-07-06
105,314,2020-05-14
105,316,2025-11-08
105,450,2022-08-29
106,139,2020-10-18
106,170,2019-06-25
106,196,2026-01-02
106,204,2020-10-04
106,243,2025-10-11
106,286,2018-05-19
106,293,2018-11-16
106,304,2018-07-23
106,320,2024-10-12
106,359,2019-12-04
106,376,2024-02-25
106,500,2024-02-13
107,175,2022-04-26
107,227,2024-02-27
107,234,2017-02-03
107,267,2022-01-13
107,356,2024-06-13
107,389,2022-07-07
107,395,2019-06-18
108,117,2018-04-17
108,216,2019-05-09
108,238,2024-08-25
108,474,2024-01-08
109,145,2019-04-22
109,255,2018-01-30
109,362,2023-06-02
109,387,2017-05-14
109,388,2021-07-01
109,449,2026-06-21
109,476,2021-10-14
110,225,2023-08-06
110,339,2023-12-14
110,345,2019-06-11
110,483,2021-11-05
111,164,2016-09-10
111,167,2022-09-19
111,403,2025-03-30
112,157,2017-04-09
112,190,2023-12-26
112,199,2016-09-23
112,224,2023-07-28
112,272,2017-11-18
112,274,2021-06-04
112,470,2017-09-12
113,163,2020-04-29
113,167,2021-09-07
113,203,2019-08-17
113,214,2018-02-10
113,263,2023-01-04
113,283,2025-02-24
113,294,2023-05-10
113,434,2019-09-27
113,461,2023-03-08
114,212,2023-01-29
114,216,2024-05-08
114,294,2017-05-12
114,366,2016-08-11
114,470,2017-04-26
115,271,2016-11-14
115,352,2020-05-31
115,379,2024-10-04
115,460,2022-03-29
115,477,2024-05-29
116,130,2017-09-09
116,136,2023-12-16
116,216,2024-05-26
116,218,2021-07-22
116,229,2025-01-01
117,136,2025-08-12
117,145,2025-09-01
117,146,2026-05-19
117,153,2021-12-04
117,206,2021-02-15
117,229,2025-10-05
117,250,2024-09-14
117,357,2020-12-21
117,368,2020-06-05
117,452,2025-07-28
118,229,2018-07-05
118,376,2020-08-25
118,413,2023-07-15
118,425,2024-07-17
118,478,2022-04-20
119,146,2017-11-15
119,217,2025-11-17
119,308,2024-06-01
119,371,2017-12-12
119,391,2021-06-12
119,406,2023-12-15
120,249,2017-08-08
120,404,2020-06-07
120,474,2017-10-04
121,283,2024-06-07
121,316,2018-02-09
121,349,2018-03-22
121,350,2023-01-08
121,409,2024-06-07
121,415,2018-01-11
121,430,2022-09-23
121,445,2026-02-02
122,177,2021-12-19
122,197,2016-06-24
122,353,2017-09-30
122,433,2017-09-17
122,481,2016-11-26
123,203,2020-07-01
123,323,2020-08-26
123,388,2017-01-13
124,293,2023-11-21
124,326,2017-01-29
124,411,2025-11-11
124,433,2017-01-01
124,479,2025-03-05
124,493,2018-10-05
125,148,2019-07-15
125,184,2021-10-13
125,234,2022-02-12
125,235,2018-10-31
125,366,2025-03-28
125,398,2020-06-19
125,466,2026-02-12
126,211,2022-04-15
126,235,2021-03-29
126,248,2024-08-08
126,341,2020-04-12
126,395,2021-09-25
126,409,2017-12-16
126,434,2025-07-05
127,171,2019-11-10
127,209,2017-02-15
127,271,2018-10-29
127,294,2025-03-26
127,320,2019-01-10
127,462,2018-11-29
128,140,2017-09-19
128,196,2025-07-29
128,250,2018-02-21
128,307,2019-03-17
128,399,2020-08-09
129,214,2024-11-01
129,396,2023-08-06
129,420,2019-10-17
130,142,2026-04-29
130,151,2017-02-17
130,161,2023-07-18
130,312,2024-02-17
130,313,2024-03-07
130,317,2018-07-22
130,350,2017-09-09
130,408,2022-06-12
130,414,2018-09-28
131,382,2025-01-07
131,435,2023-06-12
131,438,2021-01-18
132,167,2019-07-16
132,188,2019-07-19
132,317,2020-07-28
132,383,2020-07-22
132,392,2018-08-31
132,417,2025-08-11
132,493,2023-01-17
133,172,2025-05-19
133,200,2020-06-23
133,244,2019-11-23
133,270,2022-09-03
133,276,2024-12-20
133,324,2018-06-23
133,420,2022-05-27
134,178,2025-09-26
134,193,2019-08-02
134,210,2024-05-05
134,223,2025-05-14
134,226,2026-01-14
134,258,2016-07-02
134,392,2020-01-25
134,411,2024-09-22
134,454,2021-04-18
135,168,2022-05-07
135,174,2016-07-14
135,209,2021-06-05
135,226,2020-02-17
135,299,2016-08-18
135,341,2023-11-10
135,363,2020-02-23
135,406,2018-06-21
135,437,2019-07-12
135,449,2019-06-20
135,473,2021-07-18
135,500,2018-04-06
136,295,2025-03-25
136,436,2026-04-22
136,478,2016-09-18
137,148,2020-12-20
137,153,2017-03-08
137,209,2020-04-03
137,214,2023-06-03
137,327,2021-06-24
137,486,2024-12-13
138,152,2025-05-18
138,354,2025-12-17
138,421,2017-03-11
138,499,2023-08-02
139,213,2025-01-20
139,358,2019-01-24
139,500,2025-05-05
140,211,2021-07-06
140,257,2018-05-26
140,335,2023-12-27
141,145,2020-03-20
141,147,2018-11-16
141,330,2020-04-08
141,381,2021-07-11
141,392,2021-10-22
141,464,2019-10-11
141,491,2018-12-10
142,242,2017-11-22
142,325,2025-09-25
142,349,2019-12-06
142,432,2019-11-12
143,171,2017-03-06
143,221,2025-10-11
143,256,2023-07-02
143,258,2023-11-26
143,351,2020-12-01
143,355,2025-09-02
143,468,2020-03-10
144,204,2024-11-04
144,242,2017-07-20
144,257,2018-09-26
144,260,2016-08-01
144,305,2017-02-25
144,339,2020-11-18
144,422,2021-04-18
144,465,2023-02-21
145,204,2021-02-20
145,221,2023-02-19
145,269,2017-06-27
145,290,2018-09-13
145,371,2026-03-03
145,458,2019-09-10
146,182,2025-03-30
146,199,2021-02-09
146,205,2025-01-01
146,274,2022-03-18
146,287,2019-05-11
146,300,2020-05-29
146,305,2021-02-19
146,312,2022-09-29
146,334,2024-11-29
146,365,2018-02-04
146,367,2017-02-07
146,437,2023-04-02
146,469,2018-01-09
146,493,2021-05-10
147,222,2019-07-23
147,300,2017-06-19
147,411,2020-07-06
147,493,2022-08-13
148,163,2019-08-17
148,223,2024-12-05
148,248,2018-10-18
148,295,2023-04-04
148,375,2026-05-02
148,449,2017-12-07
148,460,2022-07-30
148,489,2025-08-14
149,153,2016-12-11
149,298,2019-08-08
149,308,2024-11-14
149,361,2024-11-13
149,430,2020-04-30
150,332,2019-07-25
151,154,2020-01-15
151,287,2019-07-10
151,472,2022-06-13
152,267,2019-07-10
152,285,2025-12-22
152,310,2022-07-09
152,408,2025-11-04
152,441,2018-07-05
153,280,2016-10-27
153,299,2022-10-11
153,325,2021-07-03
153,337,2020-11-07
153,381,2025-10-10
154,161,2019-01-02
154,318,2017-10-14
154,335,2019-03-22
154,340,2018-11-15
154,410,2021-05-30
154,413,2025-05-14
154,438,2021-11-25
155,241,2020-02-04
155,246,2023-04-23
155,310,2025-07-28
155,404,2021-06-03
155,416,2020-01-27
155,448,2022-02-15
155,463,2021-07-18
156,202,2018-03-15
156,222,2019-05-07
157,161,2020-07-03
157,190,2023-01-31
157,198,2019-12-01
157,247,2020-03-31
157,356,2018-11-03
157,435,2024-12-12
157,477,2018-04-04
158,181,2020-06-14
158,225,2025-06-15
158,287,2022-12-13
158,293,2018-04-13
158,308,2021-04-26
158,326,2026-01-10
158,337,2017-08-22
158,423,2024-02-26
158,432,2019-09-26
159,215,2023-10-26
159,236,2024-11-08
159,250,2021-03-01
159,491,2017-05-04
159,494,2018-06-23
160,169,2017-09-22
160,174,2022-07-05
160,227,2018-07-09
160,252,2024-01-16
160,260,2024-07-10
160,415,2017-01-31
161,198,2019-07-07
161,236,2021-07-07
162,203,2019-01-14
162,206,2022-04-01
162,228,2025-04-26
162,263,2026-03-30
162,266,2025-09-17
162,292,2023-12-22
162,306,2018-06-28
162,339,2017-05-28
162,348,2016-07-30
162,359,2022-03-08
162,408,2024-01-08
162,497,2019-03-01
162,499,2017-07-25
163,256,2020-04-08
163,285,2018-06-10
163,422,2024-12-12
163,454,2022-01-29
164,171,2021-08-30
164,251,2020-02-06
164,310,2024-06-22
164,338,2019-10-29
164,462,2017-05-22
165,192,2021-09-30
165,215,2020-05-15
165,437,2023-02-21
165,447,2019-01-05
165,454,2018-01-31
165,461,2016-08-22
165,487,2025-09-13
166,228,2019-08-01
166,289,2026-01-10
166,331,2020-01-27
166,371,2016-11-06
166,405,2016-07-20
166,447,2026-05-04
166,474,2023-07-23
166,482,2020-07-07
167,266,2024-02-28
167,377,2017-10-11
167,436,2021-11-09
168,171,2022-02-12
168,209,2025-08-22
168,256,2026-05-03
168,431,2025-01-02
168,444,2019-05-27
168,484,2025-01-15
169,249,2019-11-07
169,303,2025-09-26
169,404,2025-03-08
170,269,2022-12-31
170,373,2020-08-17
170,390,2016-06-23
171,233,2018-04-16
171,260,2022-04-08
171,272,2025-10-18
171,378,2016-12-10
171,424,2023-11-20
173,197,2024-10-23
173,278,2026-03-28
173,324,2020-10-15
173,329,2019-07-30
173,360,2016-11-26
173,385,2016-10-13
173,484,2017-12-23
173,485,2019-11-24
174,238,2024-04-21
174,304,2017-04-20
174,365,2021-11-07
174,422,2023-05-03
175,258,2018-10-19
175,333,2020-07-10
175,345,2024-05-23
175,356,2018-11-29
175,432,2022-07-10
175,470,2021-03-23
175,481,2021-06-20
176,221,2019-05-22
176,333,2020-08-14
176,341,2017-05-08
176,375,2021-02-28
176,436,2019-05-19
177,210,2019-02-03
177,300,2016-11-29
177,352,2021-10-24
177,448,2024-07-16
178,195,2023-05-19
178,243,2023-08-01
178,246,2024-08-16
178,261,2020-09-15
178,308,2022-09-10
178,376,2017-11-29
178,397,2020-11-01
178,407,2018-05-05
179,242,2018-07-23
179,262,2016-09-15
179,295,2016-09-03
179,389,2024-03-08
180,194,2025-01-28
180,241,2018-07-01
180,266,2023-01-23
180,356,2023-02-12
180,376,2024-05-15
180,381,2026-01-22
180,438,2020-06-07
181,212,2022-07-21
181,266,2023-11-20
181,392,2021-05-31
181,455,2024-12-20
182,329,2020-06-20
182,362,2020-08-18
182,438,2022-07-04
182,444,2024-10-16
182,462,2025-04-29
183,184,2019-10-21
183,185,2024-08-19
183,208,2021-10-25
183,269,2020-01-29
183,329,2019-08-24
183,331,2023-08-27
183,395,2019-05-22
183,458,2018-05-19
183,466,2018-02-12
183,474,2020-09-04
183,494,2020-08-02
184,204,2020-07-14
184,262,2024-01-01
184,397,2022-06-22
184,437,2021-02-22
184,438,2023-10-13
184,486,2017-12-19
185,342,2024-01-21
186,242,2019-09-11
186,325,2021-12-11
186,349,2023-10-04
186,407,2020-01-07
187,273,2016-12-16
187,295,2019-10-08
187,436,2019-01-22
187,438,2026-02-27
187,482,2022-11-29
187,493,2021-11-21
188,199,2023-06-16
188,204,2021-09-06
188,217,2020-04-10
188,224,2022-09-25
188,251,2021-04-07
188,326,2026-01-06
188,438,2025-10-10
188,439,2025-10-23
188,446,2020-02-12
188,448,2025-01-17
189,227,2022-06-18
189,287,2017-08-10
189,333,2022-01-13
189,342,2025-09-27
189,349,2020-02-27
190,210,2019-01-16
190,259,2017-09-10
190,301,2016-08-24
190,448,2026-04-23
191,249,2022-02-08
191,251,2018-01-26
191,279,2023-02-05
191,345,2021-07-26
192,253,2016-08-24
192,281,2017-06-03
192,417,2026-04-04
192,434,2018-05-18
192,468,2022-03-18
192,490,2023-01-24
193,230,2016-12-09
193,280,2023-05-02
193,306,2021-03-17
193,318,2022-04-07
193,362,2019-08-25
193,418,2021-05-11
194,241,2023-01-28
194,263,2019-03-12
194,264,2022-05-11
194,298,2019-04-05
194,314,2026-05-04
194,336,2021-08-16
194,380,2022-11-03
194,384,2020-09-04
194,462,2023-04-24
194,475,2023-04-24
195,234,2024-06-05
195,240,2025-01-21
195,269,2017-11-10
195,290,2025-01-02
195,392,2017-03-18
195,395,2022-10-26
196,358,2024-12-08
196,363,2018-04-27
197,232,2021-12-26
197,305,2025-05-16
197,337,2018-11-24
197,340,2024-11-05
197,438,2022-09-19
198,231,2017-11-17
198,303,2026-06-07
198,435,2022-06-22
198,448,2025-01-18
198,449,2024-10-04
199,242,2021-10-18
199,278,2019-06-10
199,389,2025-09-10
199,500,2019-01-26
200,285,2023-07-15
200,412,2025-10-27
201,230,2020-08-23
201,243,2022-06-20
201,282,2018-05-24
201,342,2022-08-25
201,369,2019-05-05
201,388,2018-09-02
201,443,2023-03-12
201,476,2018-05-27
202,281,2023-03-04
202,298,2025-12-17
202,303,2025-05-10
202,377,2025-08-02
203,238,2017-02-11
203,304,2017-05-10
203,449,2026-02-26
204,343,2025-10-21
205,209,2024-08-09
205,252,2026-02-13
205,370,2020-05-08
205,449,2025-06-28
205,450,2018-04-08
205,467,2021-06-30
205,468,2025-09-10
206,237,2021-08-25
206,315,2018-12-17
206,353,2024-05-15
206,368,2026-01-17
206,407,2023-10-03
207,316,2026-04-08
207,320,2019-09-13
207,359,2021-12-29
207,468,2025-01-12
208,218,2022-12-18
208,246,2024-03-30
208,309,2026-02-19
208,345,2018-12-13
208,415,2020-06-20
208,440,2023-11-05
208,480,2022-05-03
208,489,2022-03-09
209,262,2024-01-05
209,456,2016-08-02
210,291,2020-10-26
210,386,2023-09-02
210,390,2025-02-25
210,423,2024-06-25
211,360,2017-08-22
211,385,2025-02-27
211,457,2024-03-01
211,499,2025-11-13
212,243,2020-10-19
212,338,2019-11-28
212,339,2021-05-25
212,342,2026-02-12
212,355,2017-10-05
212,410,2017-01-19
212,492,2023-08-02
213,313,2023-03-10
213,357,2023-03-13
213,434,2018-10-21
214,283,2024-06-13
214,323,2024-10-14
214,415,2016-12-06
214,475,2016-12-01
215,372,2023-12-23
215,471,2016-07-05
216,237,2025-07-30
216,240,2024-04-11
216,284,2024-03-06
216,333,2025-04-16
216,406,2026-06-07
216,455,2022-07-31
217,375,2024-08-26
218,228,2021-12-31
218,309,2017-07-29
218,364,2025-02-03
218,426,2025-11-02
219,315,2023-05-12
220,375,2018-10-02
221,243,2016-12-19
221,344,2020-04-23
221,348,2020-04-13
221,362,2020-04-23
221,371,2018-04-17
221,378,2026-02-08
221,408,2023-08-13
222,302,2022-05-25
223,256,2018-11-26
223,298,2024-08-19
223,309,2019-01-12
223,328,2025-02-01
223,405,2019-12-19
223,497,2019-07-10
224,301,2017-02-20
224,348,2021-02-01
224,376,2025-11-05
224,413,2020-07-26
224,415,2023-07-17
225,247,2025-11-04
225,259,2020-07-24
225,390,2025-05-23
225,426,2018-03-06
225,489,2026-03-29
226,242,2019-01-02
226,312,2024-01-07
226,350,2024-07-25
226,438,2018-04-10
226,450,2021-08-03
226,495,2019-06-09
226,499,2025-05-04
227,306,2022-04-06
227,351,2019-03-27
228,249,2020-08-22
228,258,2025-07-02
228,293,2022-01-10
228,343,2023-08-27
228,365,2018-07-03
228,390,2020-12-29
228,404,2016-10-11
228,439,2016-10-10
228,443,2022-05-24
228,476,2018-11-02
228,485,2020-02-21
228,489,2017-04-16
229,231,2023-11-18
229,283,2026-06-05
229,355,2018-10-15
229,376,2020-12-11
229,443,2022-05-18
229,467,2016-06-26
230,270,2017-10-22
230,310,2020-06-15
230,365,2023-09-21
230,388,2022-05-04
231,244,2019-02-26
231,260,2016-12-27
231,374,2020-09-26
231,380,2019-03-04
231,421,2021-03-10
231,427,2022-11-14
232,294,2022-09-03
232,312,2017-11-25
232,365,2021-12-06
232,372,2022-01-23
233,273,2017-08-14
233,393,2021-01-24
234,259,2018-10-25
234,275,2017-09-20
234,311,2021-11-29
234,413,2024-12-08
234,455,2017-10-02
234,472,2019-12-26
235,270,2021-08-29
235,276,2022-02-22
235,303,2024-01-19
235,350,2023-08-26
235,445,2025-08-05
235,467,2018-12-19
236,281,2016-10-11
236,294,2019-01-27
236,322,2025-09-08
236,364,2022-07-15
236,437,2017-01-13
236,480,2017-04-27
236,496,2018-03-23
237,280,2021-01-10
237,377,2021-03-19
238,277,2017-08-28
238,280,2018-12-09
238,297,2025-04-28
238,434,2017-01-20
238,440,2022-07-01
238,496,2025-06-22
239,361,2020-04-26
239,398,2020-03-21
239,434,2021-07-15
240,295,2019-03-30
240,373,2025-04-21
240,481,2025-06-13
241,471,2016-06-28
242,481,2025-08-23
243,331,2021-05-03
243,386,2022-07-18
243,421,2025-10-29
243,449,2022-10-23
244,296,2020-04-14
244,319,2018-06-09
244,348,2021-07-09
244,411,2025-04-07
244,415,2023-06-26
244,416,2021-01-05
245,255,2021-09-24
245,385,2020-03-11
245,490,2016-11-22
246,257,2024-05-18
246,356,2024-01-18
246,414,2021-08-17
246,446,2024-12-26
246,489,2023-02-14
247,303,2017-05-02
247,476,2025-09-28
248,332,2017-05-23
248,347,2019-12-06
248,353,2018-12-08
248,363,2021-01-25
248,448,2024-12-25
248,460,2021-03-06
248,487,2017-08-02
249,394,2021-08-24
250,275,2025-08-26
250,328,2021-04-01
250,347,2026-03-23
250,389,2024-10-07
250,458,2020-07-07
251,367,2020-12-08
251,430,2023-10-31
252,400,2024-10-02
253,312,2023-04-16
254,306,2019-05-29
254,330,2022-04-18
254,353,2021-03-22
254,409,2017-11-25
254,436,2018-03-22
254,448,2021-07-07
254,450,2021-09-26
255,280,2019-09-27
255,357,2024-12-16
256,266,2016-11-05
256,302,2025-07-31
256,309,2021-05-25
256,313,2018-12-04
256,340,2024-12-01
256,349,2019-04-29
256,378,2026-02-15
256,429,2024-06-28
257,303,2021-12-02
257,401,2021-11-04
257,460,2025-01-02
258,266,2026-06-13
259,327,2025-03-30
259,344,2022-10-10
259,347,2024-09-20
259,396,2024-08-29
259,413,2022-07-06
259,451,2026-02-09
260,319,2022-10-09
260,342,2022-07-08
260,396,2024-04-19
260,438,2022-11-13
260,447,2023-02-12
260,460,2016-09-03
260,462,2019-11-20
260,472,2018-09-27
260,494,2016-12-05
261,316,2024-12-26
261,399,2017-02-26
261,439,2021-09-10
261,454,2019-11-22
262,387,2017-03-10
263,271,2024-10-31
263,276,2020-02-09
263,279,2021-11-15
263,474,2025-12-24
263,492,2016-09-10
263,498,2020-07-05
264,270,2023-05-22
264,332,2024-02-01
264,372,2024-01-31
264,414,2021-06-21
264,488,2023-08-27
265,350,2025-01-30
265,374,2018-01-22
266,287,2022-08-24
266,397,2017-10-16
266,430,2020-07-03
267,421,2017-01-19
267,433,2022-06-05
267,494,2026-03-02
268,296,2020-11-17
268,397,2019-06-12
268,447,2023-05-26
268,490,2024-07-29
269,334,2022-12-17
269,466,2022-05-13
270,316,2021-10-24
270,346,2023-09-02
270,364,2019-04-09
270,374,2023-12-30
270,424,2026-01-22
271,321,2026-05-05
271,407,2023-04-21
271,416,2022-06-25
271,481,2024-12-28
272,330,2025-02-20
272,349,2022-01-07
272,377,2020-07-03
272,381,2024-06-03
273,306,2020-04-04
273,321,2025-09-06
273,328,2018-04-17
273,391,2022-08-07
273,415,2017-03-14
273,426,2016-11-09
273,435,2016-11-28
274,331,2022-01-08
274,350,2017-08-30
274,400,2021-10-07
274,456,2022-03-01
274,457,2020-10-17
275,367,2019-10-15
275,395,2025-07-16
276,438,2024-03-19
276,472,2025-04-30
277,298,2024-03-01
277,362,2018-09-15
277,402,2020-09-19
277,427,2021-01-11
277,435,2021-07-17
277,436,2023-02-14
277,442,2023-11-17
278,305,2016-11-04
278,353,2021-10-18
278,370,2016-07-10
278,374,2024-09-01
278,477,2018-04-17
279,293,2020-04-18
279,350,2026-06-03
279,351,2021-01-03
279,471,2021-08-15
280,355,2022-12-26
280,359,2016-09-03
280,362,2025-09-26
280,379,2024-05-04
280,392,2019-06-02
280,397,2017-06-26
281,307,2025-02-05
282,469,2019-07-07
283,494,2017-11-26
284,343,2018-11-27
284,365,2024-07-17
284,406,2018-07-07
285,447,2023-03-28
285,496,2026-05-21
286,331,2025-02-03
286,409,2018-08-07
286,425,2025-02-19
286,446,2020-01-29
288,300,2026-01-10
288,319,2018-03-16
288,413,2024-08-22
288,440,2024-11-03
288,469,2018-07-08
289,371,2023-03-06
289,403,2021-05-26
289,431,2017-09-09
289,486,2025-10-22
290,300,2016-08-24
290,404,2019-11-21
291,349,2018-02-20
291,387,2022-12-13
291,465,2025-01-01
291,469,2021-10-23
292,295,2024-10-17
292,469,2020-11-13
292,473,2020-05-04
292,485,2019-06-10
293,325,2016-10-21
293,366,2025-06-28
293,389,2026-03-10
293,391,2024-08-18
294,348,2023-07-01
294,361,2023-10-07
295,309,2023-02-26
295,421,2025-08-02
296,403,2026-03-29
296,404,2018-01-26
297,309,2022-07-22
297,359,2021-03-31
297,433,2026-05-13
298,368,2019-06-24
298,379,2020-04-11
298,412,2024-04-11
298,463,2025-02-15
299,408,2024-06-19
299,417,2021-03-02
299,451,2023-02-01
299,497,2025-09-05
300,307,2017-02-02
300,324,2021-02-25
300,331,2021-05-08
300,373,2022-03-06
300,459,2025-10-18
300,487,2021-01-08
301,434,2022-09-29
302,335,2025-07-25
302,340,2019-02-07
302,345,2016-08-04
302,350,2021-04-01
303,322,2018-08-14
303,463,2017-02-26
304,396,2016-10-27
304,486,2017-05-28
305,427,2019-04-26
305,460,2020-12-08
306,315,2017-11-07
306,363,2016-07-07
306,379,2023-11-11
306,394,2023-01-27
306,416,2025-06-17
306,475,2022-12-30
307,318,2020-03-04
307,361,2019-12-26
308,442,2022-01-20
309,416,2022-07-14
310,358,2019-04-12
311,362,2018-12-14
311,471,2017-12-11
312,374,2025-11-25
312,424,2017-12-06
313,421,2021-06-27
313,483,2023-05-25
314,332,2018-07-10
314,334,2023-12-18
314,380,2022-06-05
315,352,2022-02-06
315,462,2022-04-01
315,468,2019-10-31
316,341,2016-11-13
316,357,2019-10-10
317,430,2021-01-12
317,444,2019-04-25
317,463,2021-04-20
317,497,2024-10-27
318,364,2022-07-13
318,385,2025-04-04
318,397,2024-03-11
318,452,2022-03-26
319,344,2024-07-31
320,443,2025-04-02
320,453,2021-12-06
320,461,2019-03-21
321,421,2020-03-29
321,435,2023-11-18
321,453,2020-09-12
321,489,2019-12-02
321,499,2022-02-08
322,327,2019-10-16
322,378,2021-08-01
322,468,2023-07-17
323,464,2024-02-09
323,490,2019-09-27
324,461,2017-08-29
324,482,2021-06-17
325,364,2017-05-27
326,387,2025-11-11
327,373,2020-04-02
327,385,2026-03-13
327,460,2020-11-11
327,478,2017-11-14
327,491,2021-12-19
328,362,2021-10-31
328,363,2017-05-17
328,411,2024-08-12
328,475,2019-04-30
329,371,2016-12-20
329,372,2020-05-02
329,376,2022-09-13
329,378,2022-06-09
329,385,2016-12-16
330,433,2026-04-16
330,438,2019-09-22
330,466,2019-07-10
330,490,2025-11-13
331,332,2024-09-16
332,408,2018-07-01
332,438,2023-04-19
332,457,2022-05-17
333,393,2019-01-06
333,436,2019-06-21
334,399,2021-06-08
334,446,2023-12-30
335,377,2023-02-28
336,408,2022-11-08
336,429,2018-06-01
337,391,2020-04-16
337,450,2022-12-24
337,460,2023-12-11
338,345,2018-12-28
338,348,2017-07-30
339,369,2026-04-29
339,400,2016-10-19
339,447,2021-08-05
339,467,2019-05-05
339,494,2024-08-29
340,462,2024-10-15
340,473,2026-01-26
341,441,2020-05-06
342,363,2022-12-08
342,479,2020-03-18
343,367,2016-08-11
343,409,2017-01-22
343,439,2024-08-03
343,449,2017-04-05
344,433,2025-03-30
345,398,2025-11-02
345,404,2021-08-09
345,488,2025-11-27
345,500,2019-03-03
346,391,2022-09-27
347,349,2016-11-06
348,368,2021-05-02
348,384,2023-12-23
348,437,2024-04-24
348,453,2023-04-26
349,362,2021-07-14
349,363,2024-05-07
349,424,2022-05-19
349,444,2022-08-11
349,491,2019-10-29
350,412,2025-07-22
350,460,2019-09-03
350,467,2023-05-16
350,471,2023-06-09
351,404,2022-05-13
351,441,2022-03-14
352,399,2020-02-19
352,400,2021-07-15
353,377,2020-01-07
353,446,2023-10-07
354,388,2026-02-28
354,440,2021-04-15
355,421,2019-05-01
355,458,2026-01-13
356,450,2019-06-18
356,456,2017-06-03
356,493,2017-01-01
357,364,2019-04-06
357,375,2023-07-09
357,425,2023-11-28
358,420,2019-06-26
358,487,2018-03-01
359,389,2022-10-14
359,390,2019-01-21
359,423,2018-08-19
360,488,2022-11-18
362,373,2017-03-12
362,406,2021-12-04
362,427,2018-08-27
363,395,2021-08-23
363,461,2021-05-17
364,365,2026-03-18
364,375,2025-10-10
364,494,2022-07-20
365,366,2022-03-22
365,406,2020-10-17
365,483,2017-12-28
366,476,2021-08-07
367,389,2024-08-26
369,419,2023-08-24
370,371,2024-10-30
370,404,2017-08-29
370,407,2025-01-14
371,431,2024-05-12
372,397,2025-01-06
372,465,2024-12-11
372,477,2024-02-28
374,382,2019-04-29
374,398,2021-06-25
374,434,2018-12-16
374,456,2017-10-16
374,474,2023-09-04
374,479,2023-09-20
375,391,2022-06-09
375,410,2018-06-11
375,450,2019-01-18
375,458,2020-08-25
376,385,2019-01-23
376,395,2026-01-27
376,417,2025-08-16
377,476,2021-10-23
377,497,2025-02-11
379,497,2024-02-14
380,450,2016-07-28
381,448,2020-05-07
382,476,2024-11-04
382,482,2019-04-28
383,421,2024-01-20
383,467,2026-03-16
383,500,2023-01-22
384,406,2025-03-16
384,477,2017-05-26
385,441,2022-12-03
385,451,2020-02-02
385,457,2026-02-12
386,407,2023-12-02
386,442,2025-02-04
387,425,2017-10-08
387,457,2019-04-05
388,408,2022-04-21
388,450,2020-12-22
389,418,2026-06-08
389,450,2022-04-24
391,437,2022-08-08
391,449,2019-09-14
391,480,2020-01-27
393,395,2019-06-03
393,404,2021-06-15
393,421,2020-07-26
393,465,2017-12-26
394,428,2025-04-30
394,446,2018-11-29
395,459,2016-10-10
396,454,2022-11-22
396,458,2025-09-05
397,459,2026-03-30
397,469,2024-01-07
398,415,2019-05-31
398,445,2024-12-21
399,414,2024-08-13
399,476,2016-07-15
400,411,2019-04-01
400,485,2024-02-15
400,491,2016-08-05
403,408,2019-05-11
404,428,2021-11-07
404,493,2025-12-28
404,498,2025-05-13
405,410,2016-07-07
406,440,2024-04-19
406,461,2021-04-29
406,489,2021-06-29
407,471,2023-10-07
409,493,2022-02-19
410,449,2020-05-15
410,464,2016-06-30
412,417,2018-10-30
412,430,2016-12-11
412,442,2026-03-06
413,427,2023-08-31
413,467,2023-12-17
413,483,2016-12-28
414,451,2016-11-23
415,432,2022-01-25
415,442,2020-12-27
415,477,2019-01-02
417,492,2019-05-12
418,430,2021-10-27
420,481,2026-06-13
421,433,2024-10-07
421,467,2022-09-08
422,447,2025-08-26
423,462,2023-12-17
424,459,2020-11-21
424,475,2019-06-28
426,434,2025-05-30
429,461,2023-06-15
430,470,2025-01-16
430,471,2021-06-28
430,486,2021-07-04
430,487,2017-07-13
432,480,2021-12-11
433,465,2017-10-26
434,471,2019-02-05
436,480,2018-08-07
437,470,2022-10-08
438,440,2017-07-05
438,488,2018-07-31
439,498,2023-02-27
440,460,2025-04-10
445,489,2020-03-24
447,451,2026-04-16
447,478,2023-05-22
447,480,2018-04-27
447,488,2019-09-13
448,479,2016-12-09
449,475,2016-08-13
450,479,2018-12-18
451,457,2021-12-02
451,488,2024-05-10
451,494,2019-04-22
451,499,2024-12-21
452,460,2020-11-10
452,461,2018-04-14
453,465,2022-08-29
454,482,2019-11-23
455,487,2023-08-13
455,488,2025-06-10
456,483,2021-01-14
457,469,2016-10-22
459,466,2023-07-21
460,463,2019-03-22
462,464,2019-02-12
464,471,2025-04-04
468,490,2017-09-12
468,494,2023-01-12
469,492,2022-08-30
470,481,2025-07-18
471,476,2021-11-02
471,482,2025-06-13
471,493,2022-01-25
475,500,2019-04-06
481,499,2016-11-18
483,493,2017-11-22
