idRestaurante,nombre,anioApertura,rangoPrecios,descripcion
1,Restaurante 1,2000,$,Describe perhaps fly short possible yeah today interesting.
2,Restaurante 2,2014,$,Garden possible state charge audience.
3,Restaurante 3,2004,$,Speech before staff product.
4,Restaurante 4,2008,$,Picture sister wide second imagine.
5,Restaurante 5,2008,$$$,Share service lay American.
6,Restaurante 6,1999,$$$,Drug expert plant shake.
7,Restaurante 7,1992,$$,Week start practice list able wrong.
8,Restaurante 8,2018,$,Attention laugh build spend trip condition sister.
9,Restaurante 9,2020,$$,Member what full pretty else.
10,Restaurante 10,2014,$$$,Recognize treatment purpose huge check worry.
11,Restaurante 11,1995,$,A budget employee ever.
12,Restaurante 12,2012,$,Understand rule forward box no line.
13,Restaurante 13,2008,$$,Realize answer study social himself represent.
14,Restaurante 14,1992,$$$,Wish lose community boy.
15,Restaurante 15,2002,$$,Recent star production difference.
16,Restaurante 16,2016,$$,Consider speech care.
17,Restaurante 17,1992,$,Could move show speak force best.
18,Restaurante 18,1995,$$,Life her can drug particularly police bit.
19,Restaurante 19,2011,$,Various with opportunity similar television catch individual.
20,Restaurante 20,2018,$$$,Research really through have special over.
21,Restaurante 21,2008,$,Plan reveal hot box wonder consumer cultural.
22,Restaurante 22,1992,$$$,Culture first kid difference child what piece case.
23,Restaurante 23,2015,$$,Conference least gas push other leave inside.
24,Restaurante 24,2011,$$$,World ground heavy Mrs use despite.
25,Restaurante 25,2020,$$$,Husband record value political plan could.
26,Restaurante 26,2003,$,Act news course sport know space.
27,Restaurante 27,2006,$,Of party ball tree.
28,Restaurante 28,1997,$,Challenge pass show send various little what manage.
29,Restaurante 29,2006,$$$,Attention vote fast factor society economic.
30,Restaurante 30,1998,$,Line camera sing research area heavy imagine.
31,Restaurante 31,2024,$$,Fast federal now dark ahead kitchen someone.
32,Restaurante 32,2014,$,Mr trial think suggest.
33,Restaurante 33,2005,$$$,Husband actually message.
34,Restaurante 34,1990,$,Task wide available enjoy.
35,Restaurante 35,2004,$$$,Require box kind determine seek.
36,Restaurante 36,2008,$$,Thank interest appear plant within financial.
37,Restaurante 37,2024,$$$,Herself real send man skill.
38,Restaurante 38,1995,$$,Son be morning data fear media discussion I.
39,Restaurante 39,1992,$$$,Across mention always why while exist.
40,Restaurante 40,2018,$$$,Anything more begin.
41,Restaurante 41,2020,$$,Future first part loss pressure box.
42,Restaurante 42,2008,$,Focus paper tax become growth.
43,Restaurante 43,2000,$$,Thank usually how agent note him small decision.
44,Restaurante 44,2004,$$$,Work son owner military country station although.
45,Restaurante 45,1990,$$,Meeting term light late.
46,Restaurante 46,2005,$,Lawyer rule blood affect.
47,Restaurante 47,2016,$,Local audience middle again.
48,Restaurante 48,2023,$$$,Artist science realize identify where trial college.
49,Restaurante 49,2023,$,Within no base hot including task theory.
50,Restaurante 50,2024,$$,Court network care industry.
51,Restaurante 51,2007,$$,Paper no her.
52,Restaurante 52,2008,$$,Able benefit strong practice voice much recognize.
53,Restaurante 53,1996,$$,Bring attorney use animal marriage child culture.
54,Restaurante 54,2008,$$,Oil nice surface cut political guess more.
55,Restaurante 55,2024,$$,Take left item president miss relate window charge.
56,Restaurante 56,2018,$$$,Plant contain you step last particular mother.
57,Restaurante 57,2018,$$$,Fine four site.
58,Restaurante 58,2007,$$,Free similar carry account present soldier.
59,Restaurante 59,1997,$$$,American agency safe here.
60,Restaurante 60,2001,$,Side difference former yard statement.
61,Restaurante 61,2014,$$$,Why commercial hope buy prevent office.
62,Restaurante 62,2018,$,Imagine first campaign many though safe.
63,Restaurante 63,2016,$,Feeling pass effort get stop test.
64,Restaurante 64,2025,$,Hit start pull science young hundred.
65,Restaurante 65,2025,$$,Blue base such million total along physical I.
66,Restaurante 66,1993,$$$,Bed me meeting answer federal sort.
67,Restaurante 67,2021,$,On floor operation police strong up act.
68,Restaurante 68,2012,$$,Practice year check story.
69,Restaurante 69,2013,$,Culture increase shoulder style.
70,Restaurante 70,2014,$$,Participant wall give particularly resource various.
71,Restaurante 71,2014,$,Magazine audience doctor trial.
72,Restaurante 72,2002,$,Main never hard shoulder bank different.
73,Restaurante 73,2008,$$,Still hospital adult resource realize certainly meeting.
74,Restaurante 74,2001,$,However star record father simple enter.
75,Restaurante 75,2022,$$,Ago teacher church shake think behind century.
76,Restaurante 76,2018,$$$,Step event environment response stage senior.
77,Restaurante 77,2000,$$,Go edge suddenly travel need.
78,Restaurante 78,2019,$,Edge very put speech evening choice age that.
79,Restaurante 79,2015,$$,Nor morning federal same.
80,Restaurante 80,1993,$,Design anyone western then world down relationship.
81,Restaurante 81,2024,$$$,Along board mother statement special.
82,Restaurante 82,2022,$$$,Drop she develop tend actually.
83,Restaurante 83,1999,$$$,Apply manager skin population.
84,Restaurante 84,1992,$$,Baby nature money organization read pull different second.
85,Restaurante 85,2013,$$,If likely business voice no station.
86,Restaurante 86,2008,$$,Practice less data entire newspaper entire.
87,Restaurante 87,2001,$$$,Page career alone suddenly speech help.
88,Restaurante 88,2023,$,Old upon article possible ago someone walk.
89,Restaurante 89,2020,$$$,Result bag land tend.
90,Restaurante 90,2004,$$$,Growth team region after.
91,Restaurante 91,1998,$$,West responsibility consider first himself.
92,Restaurante 92,2009,$,Decade few away through.
93,Restaurante 93,2009,$$$,Popular free stand outside discuss face central place.
94,Restaurante 94,2009,$$,Memory each language attorney night.
95,Restaurante 95,1996,$$$,Piece significant garden.
96,Restaurante 96,2011,$,If blood local remain million which simple.
97,Restaurante 97,1994,$,Process whether amount rather today education but office.
98,Restaurante 98,2020,$,Room race position lay not land boy.
99,Restaurante 99,2009,$$,Able road season agree change.
100,Restaurante 100,2008,$$,Agreement watch detail anyone travel middle.
101,Restaurante 101,2017,$,Instead service expect really tax fact century.
102,Restaurante 102,1998,$$,Culture world camera at.
103,Restaurante 103,2004,$,Involve per human hand discover.
104,Restaurante 104,2003,$$,Condition spend actually thank.
105,Restaurante 105,2025,$$$,Chance through defense us girl.
106,Restaurante 106,2008,$,Think direction institution peace.
107,Restaurante 107,1995,$,None sound network report account lay.
108,Restaurante 108,2024,$,Growth ago quickly security help send style.
109,Restaurante 109,2005,$$$,Black present southern focus.
110,Restaurante 110,2009,$$$,Land level book shake.
111,Restaurante 111,2006,$,Thing foreign nothing.
112,Restaurante 112,1996,$$$,Majority create what allow end employee bed.
113,Restaurante 113,2017,$$$,Let time early food company.
114,Restaurante 114,2005,$,Home until opportunity war.
115,Restaurante 115,2011,$,Financial story she recognize happen could claim.
116,Restaurante 116,1998,$,Art page eye describe rich camera chance.
117,Restaurante 117,2000,$$,Home reach simply across serve party.
118,Restaurante 118,2022,$$$,Phone serve usually institution.
119,Restaurante 119,2023,$,Market others begin star recognize.
120,Restaurante 120,1992,$$,After here easy half back.
121,Restaurante 121,2007,$$$,Arrive focus face turn blood like spend.
122,Restaurante 122,2005,$$,Art what single maybe edge forward.
123,Restaurante 123,2022,$$$,Year miss participant record within.
124,Restaurante 124,2024,$,So effort skin turn team maintain.
125,Restaurante 125,2005,$$$,Deal answer man.
126,Restaurante 126,2007,$$,Pm student card law.
127,Restaurante 127,2009,$,If cup meet close weight defense.
128,Restaurante 128,1993,$,Nature ago such image focus answer feeling.
129,Restaurante 129,2001,$$,Contain always discussion reach nice service trial.
130,Restaurante 130,1991,$$$,Operation view operation.
131,Restaurante 131,2019,$,Might building Mrs first.
132,Restaurante 132,2001,$,Economy protect free.
133,Restaurante 133,2014,$$$,Section will state reveal.
134,Restaurante 134,2011,$$,Pm meet player likely week drug policy.
135,Restaurante 135,2007,$$,Catch including unit arm.
136,Restaurante 136,1990,$,Mrs movie garden affect main whether fear thousand.
137,Restaurante 137,2003,$$$,Across word others may great.
138,Restaurante 138,2004,$$,Seem book economy.
139,Restaurante 139,2004,$$,Bed team treatment left.
140,Restaurante 140,2019,$,Others long test bag nothing time us.
141,Restaurante 141,1998,$,Meet necessary laugh stage suddenly size affect.
142,Restaurante 142,2016,$,Country wall matter thousand road development.
143,Restaurante 143,2008,$$$,Picture power method.
144,Restaurante 144,1997,$$$,Party range I character performance find already.
145,Restaurante 145,2008,$$$,Live understand pay dream home.
146,Restaurante 146,2011,$$$,Weight issue suffer we own.
147,Restaurante 147,2023,$,Enough and phone performance so play action.
148,Restaurante 148,2020,$$,Around parent attorney.
149,Restaurante 149,2023,$$$,Purpose energy easy fear million bed high task.
150,Restaurante 150,2021,$$,World local between.
151,Restaurante 151,2014,$$$,Walk report mind laugh interest large age.
152,Restaurante 152,2006,$,Behavior best manage student executive popular mouth doctor.
153,Restaurante 153,1999,$$$,Woman thought along scene do night hard.
154,Restaurante 154,2010,$$,Him anything read create concern operation.
155,Restaurante 155,2006,$,Fear feeling start response serve.
156,Restaurante 156,2023,$$$,Seat serve wish heavy allow another.
157,Restaurante 157,1997,$$,Cut answer ahead give generation benefit show.
158,Restaurante 158,2011,$$,Tend security nearly interesting return drug apply.
159,Restaurante 159,2020,$,Behind child necessary quality.
160,Restaurante 160,1994,$$,Describe however their our final example.
161,Restaurante 161,2002,$$,Pass religious center charge fill carry ago.
162,Restaurante 162,2005,$,Parent evidence material you movement.
163,Restaurante 163,2008,$$$,Look firm we weight enjoy section.
164,Restaurante 164,2017,$$,Interesting light rule wind you front sign.
165,Restaurante 165,2008,$$$,Western any day near if.
166,Restaurante 166,2001,$,Information just outside general.
167,Restaurante 167,1995,$,Specific sort day around off.
168,Restaurante 168,2005,$$$,Person important brother similar describe class into.
169,Restaurante 169,2018,$,Simply until present enter.
170,Restaurante 170,2017,$$$,Throughout field lawyer when.
171,Restaurante 171,1997,$,Value kind reality participant should several.
172,Restaurante 172,2024,$$$,Shoulder expect include girl president feel.
173,Restaurante 173,2012,$,Top research instead around myself beyond address.
174,Restaurante 174,2010,$$$,Order among painting really too guy.
175,Restaurante 175,2018,$,Election pattern usually election.
176,Restaurante 176,2000,$,Strategy night total personal method building serious.
177,Restaurante 177,1996,$,Hot then turn direction whose they series finally.
178,Restaurante 178,2005,$$$,Dog collection important along book hard.
179,Restaurante 179,2020,$$,Experience sometimes support listen.
180,Restaurante 180,2011,$$,None know admit hand recently.
181,Restaurante 181,1998,$$$,Require budget as range forward.
182,Restaurante 182,2021,$$$,Own mention director.
183,Restaurante 183,2002,$$$,Value will list nearly product body our.
184,Restaurante 184,2013,$,Method later sit however section often.
185,Restaurante 185,2007,$$,Any energy reach should although hand central.
186,Restaurante 186,2019,$$$,Age have anyone start.
187,Restaurante 187,1991,$$$,Floor also official perform.
188,Restaurante 188,2014,$$,Never energy paper though should bill.
189,Restaurante 189,2004,$,Throw sing along fast.
190,Restaurante 190,2003,$,Role quickly thank mean country.
191,Restaurante 191,2016,$$$,Process happen may.
192,Restaurante 192,1996,$,Mouth book agency.
193,Restaurante 193,2017,$$,This usually account value dog.
194,Restaurante 194,1999,$,Wind feel about summer.
195,Restaurante 195,2008,$,Body visit health key person best a attention.
196,Restaurante 196,1999,$,Environmental last popular budget visit although.
197,Restaurante 197,2012,$$$,Parent light occur baby.
198,Restaurante 198,1999,$$$,Quality something yard three not.
199,Restaurante 199,2011,$,Add and subject political young soon energy.
200,Restaurante 200,1992,$,Theory example lose voice idea want woman view.
