idUsuario,nombre,email,edad,pais
1,Erica Young,harmonscott@example.com,27,Anguilla
2,Alexis Graham,cdean@example.org,26,Nauru
3,Nicholas Navarro,gtucker@example.net,58,Lebanon
4,Lori Williams,lewisfrank@example.org,55,Korea
5,Joshua Stevens,mary86@example.com,25,Madagascar
6,Julie Ward,arroyolisa@example.org,47,Eritrea
7,Julie Steele,gvega@example.net,24,Ethiopia
8,Michele Hensley,stuartrodriguez@example.com,25,Antigua and Barbuda
9,Richard Hamilton,gkramer@example.com,59,Bosnia and Herzegovina
10,Jamie Strickland,julie84@example.org,26,Swaziland
11,Matthew Gallagher,jwalker@example.net,28,Swaziland
12,Robert Crawford,anicholson@example.com,66,Bermuda
13,Jonathan Cline,melaniemckinney@example.org,29,Senegal
14,Bethany Sims,rickybarry@example.net,66,Saint Vincent and the Grenadines
15,Julie Mueller,tbrown@example.org,49,Egypt
16,Dustin Jenkins,coxteresa@example.com,41,Yemen
17,Melody Gardner,christianbryan@example.com,21,Greece
18,Eric Johnson,downsholly@example.net,49,Senegal
19,Thomas Macias Jr.,smithmichael@example.net,25,Kiribati
20,Ashley Hoffman,xlewis@example.org,42,Oman
21,Michael Wolfe,brooksalex@example.net,35,Jordan
22,Alan White,gomeztimothy@example.net,44,Wallis and Futuna
23,Bryan Potter,brittneybond@example.net,63,Liberia
24,Lindsey Hogan,ylong@example.com,61,Lesotho
25,Toni Cooper,jeremy49@example.net,43,Russian Federation
26,Jonathan Lee,sandraherman@example.org,69,Lao People's Democratic Republic
27,Brandon Tran,eprince@example.org,33,Andorra
28,Amber Jones,elliottvalerie@example.com,33,San Marino
29,Timothy Johnson,xcontreras@example.org,32,Russian Federation
30,April Porter,joshua92@example.com,67,Belgium
31,Michael Brooks,csteele@example.com,61,Trinidad and Tobago
32,Bradley Robinson,joel00@example.org,65,Tajikistan
33,Kathleen Collins,donald07@example.net,53,New Caledonia
34,Danny Moore,bauerlori@example.net,29,Ecuador
35,Karen Mcintosh,mlambert@example.org,46,Sweden
36,Nicole Wood,bgarcia@example.com,49,Kuwait
37,Melissa Williams,gguzman@example.com,61,China
38,Amy Ferguson,margaret56@example.org,60,Solomon Islands
39,Jason Walton,andreajohnston@example.net,41,South Georgia and the South Sandwich Islands
40,Natalie Barber,garrettkhan@example.org,26,Austria
41,Christopher Burns,rmartin@example.net,51,Jamaica
42,Amy Leonard,horncheryl@example.com,41,Cameroon
43,Justin Ford,eburton@example.com,39,Antarctica (the territory South of 60 deg S)
44,Mark Forbes,michael18@example.net,48,Lithuania
45,Caitlyn Myers,christopher57@example.com,68,Morocco
46,Jane Haas,ronaldcortez@example.org,39,Japan
47,Julia Hill,vincent28@example.org,29,Maldives
48,Virginia Miller,aliciafox@example.org,56,Bouvet Island (Bouvetoya)
49,Christina Carroll,natalie65@example.org,18,Tonga
50,Brandy Williams,mrodriguez@example.net,34,Saint Helena
51,Alexandra Cook,lreynolds@example.org,68,Ireland
52,Gabriella Myers,poolepatricia@example.org,30,Djibouti
53,John Bush,hayleygarner@example.com,70,Niger
54,Reginald Cox,comptonbrenda@example.com,65,Cayman Islands
55,Richard Hampton,zjenkins@example.org,44,Slovenia
56,Mrs. Rose Odom,jbrown@example.org,48,Georgia
57,Jeremy Smith,cynthiaerickson@example.net,41,China
58,Ralph Mitchell,sally57@example.net,48,Colombia
59,William Romero,elaine70@example.com,53,Austria
60,Anthony Flores,pstevens@example.net,36,Panama
61,John Gomez,larsonjessica@example.org,62,Tuvalu
62,Jonathan Nguyen,thomascannon@example.net,47,Grenada
63,Keith Craig,xmiller@example.org,38,Sri Lanka
64,Shane Rodriguez,jessica02@example.org,38,Luxembourg
65,Alyssa Wright,heidi09@example.org,60,Puerto Rico
66,Timothy Matthews,katietaylor@example.org,23,Angola
67,Lisa Little,ephillips@example.net,47,Palestinian Territory
68,Amanda Castaneda,zgarcia@example.org,19,Holy See (Vatican City State)
69,Marcus Newman,ericreid@example.net,70,Slovenia
70,Gail Murphy,ncarr@example.com,65,Martinique
71,John Fields III,angelajones@example.org,49,Mexico
72,Tony Neal,ypetty@example.org,62,Mauritania
73,Karen Williams,sydney67@example.org,47,Armenia
74,Jason Nguyen,fosterrichard@example.org,18,Paraguay
75,Melissa Curry,moraheather@example.org,69,Papua New Guinea
76,Amy Nguyen,alexandrahuang@example.net,43,American Samoa
77,Sheri Jackson,henrycheryl@example.org,19,Grenada
78,Casey Gonzalez,barrycaldwell@example.com,43,Saint Kitts and Nevis
79,Sandra Lowe,christophermiller@example.org,60,Australia
80,Christopher Warren,dbond@example.com,29,Antarctica (the territory South of 60 deg S)
81,Phillip Lee,pzimmerman@example.org,27,New Zealand
82,Samuel Kirby,kenneth47@example.com,33,Wallis and Futuna
83,Robert Hanna,patricia24@example.com,52,Oman
84,Sophia Cox,cherylwebb@example.net,23,Niger
85,Kristin Johnson,burgesskristen@example.org,40,American Samoa
86,Shaun Griffin,mccoyeric@example.org,66,France
87,Sandra Garcia,qgarcia@example.net,49,Antarctica (the territory South of 60 deg S)
88,Jennifer Baldwin,jennifer49@example.org,42,Switzerland
89,Pamela Cooper,fharmon@example.net,68,Tajikistan
90,Lori Nelson,xprice@example.org,21,Namibia
91,Janet Gould,vdaniel@example.com,20,Saint Lucia
92,Jennifer Mendez,fmurray@example.org,35,Senegal
93,Sonya Solis,juliaarmstrong@example.org,35,Papua New Guinea
94,Joshua Johnson,diazglenn@example.org,29,Pitcairn Islands
95,Corey Decker,joel78@example.net,36,Anguilla
96,Russell Weber,rbennett@example.org,21,Sri Lanka
97,Scott Payne,blogan@example.org,39,Bahrain
98,Christopher York,kaufmanjacob@example.net,22,Pitcairn Islands
99,Jamie Holmes,christy71@example.com,60,Liechtenstein
100,Nicholas Mcintosh Jr.,beth81@example.org,52,Lithuania
101,Donald Martin,christina49@example.com,60,Saint Vincent and the Grenadines
102,Scott Ellis,michael80@example.org,23,Greenland
103,Joshua Thomas,manuel32@example.com,62,Monaco
104,Mark Morales,xtownsend@example.com,27,Greece
105,William Miller,marymartin@example.org,51,Kazakhstan
106,David Lewis,smithdavid@example.org,50,Georgia
107,Emily Sharp,jaclyn48@example.com,22,Zimbabwe
108,Justin Kelly,greggarcia@example.org,18,Monaco
109,Vicki Solomon,michael19@example.net,39,French Guiana
110,Sherry Bell,santostiffany@example.com,34,Jordan
111,Jason Morris,lklein@example.com,34,Lao People's Democratic Republic
112,Paige Wood,jasonpeterson@example.com,24,Sao Tome and Principe
113,Kristin Brown,rrobertson@example.net,41,Antarctica (the territory South of 60 deg S)
114,Jennifer Spencer,michael64@example.net,48,South Georgia and the South Sandwich Islands
115,Valerie Haynes,ycopeland@example.net,44,Liechtenstein
116,Kelly Beck,costabradley@example.net,55,Rwanda
117,David Petty,patriciawilliams@example.net,29,Poland
118,Sarah Sanchez,samuelwilson@example.net,27,Macao
119,Zachary Hernandez,steven91@example.org,27,Saint Helena
120,Sandra Murphy,robertsonmegan@example.org,70,Malaysia
121,Helen Miller,eshort@example.org,33,Paraguay
122,Alicia Gonzales,glewis@example.org,48,Sri Lanka
123,April Williams,qhernandez@example.com,37,Montserrat
124,Kara Winters,matthewnguyen@example.net,70,Norway
125,Lisa Craig,kathleengonzalez@example.net,21,Norfolk Island
126,Angelica Little,stewartsandra@example.org,49,Antigua and Barbuda
127,Jasmine Wilson,lclark@example.net,58,Tanzania
128,Matthew Turner,christopherpaul@example.com,34,Guam
129,Sarah Floyd,charlene96@example.org,42,Sierra Leone
130,Alexander Garner,sanchezbrooke@example.com,45,Oman
131,Patricia Wilcox,comptonrachel@example.com,29,Jordan
132,Rachel Roman,andersonkrista@example.org,41,Tokelau
133,John Ward,ypineda@example.org,62,Netherlands
134,Sarah Pearson,brianjimenez@example.org,37,Bermuda
135,David Pena,matthew32@example.net,20,Bangladesh
136,Samantha Gonzalez,christine58@example.org,33,Iceland
137,Joshua Sutton,ginawatts@example.com,48,Ukraine
138,Gregory Jones,jonathanlam@example.net,22,Lesotho
139,Caleb Gonzalez,muellermichelle@example.org,23,Greenland
140,Gerald Fuentes,jesus52@example.com,53,Mayotte
141,Adrian Savage,courtney63@example.org,26,Israel
142,Joseph Martin,brownkimberly@example.org,25,Nepal
143,Kayla Taylor,donnawilliams@example.net,25,Ireland
144,Elizabeth Stone,hillchristopher@example.org,43,Bangladesh
145,Michelle Villa,tina44@example.org,25,Dominica
146,Mario Fields,obecker@example.org,23,Mali
147,Patricia Greer,garciamichelle@example.com,49,Bahamas
148,Johnny Johnson,john28@example.com,38,Jordan
149,Javier Mendez,clarkkristen@example.net,68,Turkmenistan
150,Maurice Dunn,dbrown@example.org,23,Portugal
151,Rhonda Carter,calebdean@example.org,19,Samoa
152,Richard Miller,csullivan@example.com,28,Germany
153,Stephanie Mitchell,stewartandrew@example.net,38,Oman
154,Jamie Moreno,conwaywilliam@example.net,22,Mongolia
155,Whitney Phillips,teresahammond@example.com,29,Gambia
156,Melissa Allen,yfox@example.com,26,Papua New Guinea
157,Matthew Oconnor,stevengomez@example.net,42,Andorra
158,Michael Kelley,angela25@example.org,62,Uzbekistan
159,Marc Miller,melissa78@example.org,69,Lao People's Democratic Republic
160,Justin Hall,amypeterson@example.com,62,British Virgin Islands
161,Heather Ortiz,cindy53@example.org,36,Norfolk Island
162,Amy Hughes,danielvazquez@example.com,58,Mauritius
163,Tina Andrade,lisa64@example.com,45,Christmas Island
164,Megan Morgan,brittanycruz@example.org,25,Norway
165,Olivia Miller,jessica89@example.net,28,Niue
166,Aaron Johnson,keithlisa@example.org,20,Poland
167,Lisa Ramirez,grossdavid@example.com,56,Sri Lanka
168,April Howard,livingstonbarbara@example.net,37,Guatemala
169,Sarah Johnson,morgan62@example.org,27,Greenland
170,Shawn Tran,adamselizabeth@example.org,67,Costa Rica
171,Dale Heath,savannahross@example.com,25,Oman
172,Veronica Hughes,julie41@example.net,42,Ireland
173,Maurice Mckay,candiceharris@example.org,69,Guyana
174,Cindy Davis,maureenhorton@example.net,32,United Arab Emirates
175,Thomas Bowen,jeremy84@example.org,39,Georgia
176,Andrew Jimenez,jasonobrien@example.org,50,Palestinian Territory
177,Derek Thompson,bakermiranda@example.net,19,Guam
178,Ryan Garcia,wlowe@example.com,57,San Marino
179,Joseph Hall,dianabridges@example.com,45,Niue
180,Courtney Bell,kathleen83@example.net,35,Qatar
181,Christopher Porter,christopher76@example.org,63,Fiji
182,John King,alvarezkelly@example.com,46,Pitcairn Islands
183,Mackenzie Castillo,glee@example.org,55,Wallis and Futuna
184,Jack Wilson,benjamin05@example.com,19,Slovakia (Slovak Republic)
185,David Carpenter,dixonnancy@example.org,25,China
186,Stephanie Kidd,zachary10@example.net,53,United States Virgin Islands
187,Kristin Smith,jordanmichael@example.com,46,Seychelles
188,Laura Lopez,kellymacias@example.org,35,Bahamas
189,Robert Bailey,eburnett@example.net,28,Angola
190,Kristopher Morrison,susan12@example.com,22,Mali
191,Robert Bray,brendafrank@example.net,46,Sao Tome and Principe
192,Tina Alvarez,carol08@example.com,33,Palau
193,Alicia Murray,wcain@example.com,60,American Samoa
194,Adam Lane,eschmitt@example.org,64,Guinea-Bissau
195,Dean Williams,lisa99@example.net,44,Guadeloupe
196,Adam Mason,marissajohnson@example.com,33,Tuvalu
197,Brenda Duffy,pamela01@example.org,44,Australia
198,Christopher Cole,dstewart@example.net,63,Antigua and Barbuda
199,John Warren,cynthiawhite@example.com,44,Aruba
200,Tyler Hawkins,eric15@example.net,43,Timor-Leste
201,Kristi Brown,mcdonaldbrianna@example.org,18,Senegal
202,Angela Clark,hayesnancy@example.org,65,Vanuatu
203,Andrew Stephens MD,thomasalyssa@example.org,50,Cape Verde
204,Andre Hall,savagejack@example.com,26,Turkmenistan
205,Chris Harris,lisasimmons@example.org,19,Mali
206,Elizabeth White,xmontgomery@example.org,38,North Macedonia
207,Kristin Boyd,kayleehill@example.com,37,United States of America
208,Eric Brown,vadams@example.net,39,Netherlands Antilles
209,Isaiah Kennedy,daniel48@example.com,28,Georgia
210,Madeline Miller,navarroandrew@example.net,42,South Georgia and the South Sandwich Islands
211,Linda Williamson,joseph65@example.net,25,Ethiopia
212,Breanna Winters,carolyn48@example.net,32,Kenya
213,Terri Lee,hugheskatie@example.com,59,Bhutan
214,Stacey Holloway,christine32@example.net,57,Sri Lanka
215,Eric Ramirez DDS,codythomas@example.org,44,Slovakia (Slovak Republic)
216,Taylor Paul,robert52@example.org,49,United States of America
217,Kristin Wilson,simstammy@example.org,32,Israel
218,Steven Cooper,pmitchell@example.net,68,Heard Island and McDonald Islands
219,Karen Gibbs,april90@example.org,54,Kuwait
220,Kimberly Andersen,jerry03@example.net,29,British Virgin Islands
221,John Henry,devonwillis@example.net,50,Wallis and Futuna
222,Dylan Johnson,pattybooth@example.com,40,Lithuania
223,Sarah Clark,yangthomas@example.com,57,Croatia
224,Paul Leon,frenchkevin@example.net,41,Kuwait
225,Samantha Martin,dean26@example.net,51,Micronesia
226,Alyssa Oconnor,lawrencevelez@example.net,47,Pakistan
227,Mckenzie Martinez,tatemorgan@example.org,68,Guinea-Bissau
228,Jenna Stephenson,christopherwolfe@example.net,19,Albania
229,Lacey Harris DVM,phillipsjennifer@example.net,27,Bahrain
230,Robert Allen,carterrichard@example.com,37,Macao
231,Christopher Rodriguez,gilmorelori@example.net,40,Spain
232,Alyssa Jennings,wagnerjustin@example.com,31,Norfolk Island
233,Kristen Wells,sylvia67@example.net,21,Argentina
234,Eric Carroll,ryanjones@example.org,70,Suriname
235,Victoria Ramos,danielmoore@example.com,37,Iceland
236,Carla Hunter,villanuevaandrea@example.com,32,Honduras
237,Jason Scott,brandtcorey@example.org,62,Wallis and Futuna
238,William Thomas,eric31@example.org,40,Egypt
239,Melissa Holmes,codyschaefer@example.org,41,Venezuela
240,Natasha Edwards DDS,carterjohn@example.com,53,Mexico
241,Deanna Anderson MD,marcusgallagher@example.org,54,Greece
242,Olivia Johnson,penalisa@example.org,21,Aruba
243,Yvonne Parks,nixonkristen@example.com,61,Nauru
244,Linda Murray,njuarez@example.org,56,Morocco
245,Lacey Fields,mollythomas@example.net,62,Korea
246,Leslie Hamilton,garciakevin@example.net,44,French Polynesia
247,Robert Watkins,howelllaura@example.org,25,Cote d'Ivoire
248,Derrick Manning,reidgabriela@example.com,54,Denmark
249,Stacey Santiago,murphyjimmy@example.org,63,Equatorial Guinea
250,Jonathan Williams,cherylcarrillo@example.com,55,Bhutan
251,Evan Cervantes,fhawkins@example.com,49,Heard Island and McDonald Islands
252,Jesse Thomas,marvin80@example.net,20,Saint Pierre and Miquelon
253,Jacob Ramirez,kblackburn@example.net,37,Northern Mariana Islands
254,Adam Reyes,youngjohn@example.com,51,Ethiopia
255,Chris Benjamin,ecalderon@example.net,32,Swaziland
256,Alexandria Shelton,zdennis@example.net,25,Belgium
257,Nicholas Hayes,hbriggs@example.net,34,Philippines
258,Donald Burnett,owensmichele@example.org,24,Western Sahara
259,Lauren Taylor,charlesking@example.org,19,Guyana
260,Kyle Wells,laurarhodes@example.com,38,Brazil
261,Ricardo Cook,nicholas13@example.net,52,Algeria
262,Jessica Sexton,joseph73@example.com,59,Paraguay
263,Dawn Bishop,wigginsdevin@example.org,58,Tokelau
264,Erika Rice,fordjennifer@example.net,37,Honduras
265,Haley Blair,bushdaniel@example.org,32,Anguilla
266,Jennifer Valdez,johnsonlisa@example.net,42,Sri Lanka
267,Jason Fernandez,ashleylopez@example.com,70,Taiwan
268,Lorraine Stein,eatoncourtney@example.net,26,Croatia
269,Steven Sutton,debra39@example.org,35,Tonga
270,Robert Diaz,ushort@example.net,67,Liechtenstein
271,Tony Wood,johnwillis@example.net,64,Syrian Arab Republic
272,Cynthia Love,amyramsey@example.net,33,New Zealand
273,Shirley Freeman,valentinejeremy@example.net,27,Barbados
274,Kelly Chan,sellerscarla@example.com,63,Panama
275,Jesus Jackson,smithscott@example.net,56,French Polynesia
276,Herbert Bryant,amy21@example.org,35,Latvia
277,Anna Garcia,mooretheresa@example.org,40,Brunei Darussalam
278,John Foster,cherylflores@example.com,41,Taiwan
279,Jodi Gibson,vasquezjoseph@example.org,47,Mayotte
280,David Mccarthy,travis51@example.org,58,Iran
281,Debbie Hamilton,johnpatel@example.net,25,Qatar
282,Elizabeth Gray,andreaperez@example.org,39,Canada
283,James Long,cbaker@example.com,54,Holy See (Vatican City State)
284,David Olson,deborah74@example.org,25,Egypt
285,Ryan Ross,amy33@example.com,20,Myanmar
286,Alison Lamb,dgarrett@example.net,28,Mayotte
287,David Oconnell,fjenkins@example.net,25,Bangladesh
288,Christine Williamson,ryananderson@example.com,32,Norfolk Island
289,Christina Carlson,stephanie92@example.com,40,Malaysia
290,Jennifer Dickerson,kruegerjoel@example.net,41,Azerbaijan
291,Paul Moon,stevenclark@example.org,38,Norfolk Island
292,Nicholas Hines,david02@example.org,41,Oman
293,Debra Freeman,knoxjames@example.org,36,Bangladesh
294,Jason Smith,thomasryan@example.net,23,Pakistan
295,Paige Burnett,johncarr@example.org,54,Turks and Caicos Islands
296,Bruce Brown,melissathomas@example.net,56,Dominican Republic
297,Benjamin Blanchard,yesenialogan@example.org,42,Anguilla
298,Justin Crawford,wcolon@example.org,24,Saint Vincent and the Grenadines
299,James Kelley,jasminehill@example.net,70,Slovakia (Slovak Republic)
300,Steven Bell,mossandrea@example.org,49,Burkina Faso
301,Shawn Smith,richardmartin@example.org,36,Croatia
302,Travis Graham,woodwardbrandi@example.net,58,Uruguay
303,Sabrina Tucker,sandra60@example.net,31,Mauritius
304,Kevin Hodges,alexanderbarbara@example.org,52,Costa Rica
305,Melanie Walker,michele19@example.com,19,Niue
306,Katherine Knapp,wallselizabeth@example.net,59,Isle of Man
307,Levi Freeman,cummingsbruce@example.net,42,Argentina
308,David Harvey,lmiller@example.net,23,United Arab Emirates
309,Michael Marshall,patriciaolsen@example.com,58,Samoa
310,Lisa Wells,andrewoconnor@example.org,39,France
311,Adam Martin,browndonna@example.org,20,Dominica
312,John Turner,paul90@example.net,62,Faroe Islands
313,Danny Dunn,crosbycaitlin@example.com,24,Bulgaria
314,Maria Heath,zhangbobby@example.org,48,British Virgin Islands
315,Brooke Maddox,wadeallen@example.com,44,Burundi
316,Darlene Carroll,caitlinmanning@example.org,48,Mali
317,Whitney Gonzalez DVM,richard87@example.net,54,Ireland
318,April Frederick,estradatodd@example.org,27,Colombia
319,Nicole Jones,garciajennifer@example.org,33,United States of America
320,Barbara Arellano,laurawillis@example.com,70,Niue
321,Michelle Lewis,carol11@example.org,58,Uzbekistan
322,Jasmine Brown,jennifermorales@example.org,22,Sri Lanka
323,Blake Smith,ryan81@example.org,32,Saudi Arabia
324,Jeffery Jimenez,ebailey@example.org,66,Cyprus
325,Brittney Walsh,rickyklein@example.org,24,Aruba
326,Erin Heath,josephpeterson@example.com,22,Puerto Rico
327,Patrick Crawford,huynhryan@example.com,38,Tajikistan
328,Joseph Robinson,shawn45@example.org,27,Ukraine
329,Ashley Avila,ybrowning@example.com,63,Wallis and Futuna
330,Gina Dyer,bball@example.com,39,Dominica
331,Nicholas Escobar,lpace@example.com,48,New Zealand
332,Danielle Guzman,haynesandrew@example.net,26,Australia
333,Cynthia Mccoy,angelacrawford@example.com,20,Pitcairn Islands
334,Andrew Hampton,justinhoover@example.org,20,Sudan
335,Paul Allen,sharonblack@example.com,62,Iceland
336,Antonio Lopez,ymiller@example.com,60,Antarctica (the territory South of 60 deg S)
337,Jeffery Warren,sanfordkathleen@example.com,34,France
338,Jeffrey Simon,jamesjohnson@example.com,52,France
339,Eric Stone,sbradley@example.org,44,South Georgia and the South Sandwich Islands
340,Pamela Dillon,ostafford@example.com,21,Maldives
341,Cassidy Adams,troydelgado@example.com,67,Gambia
342,Amanda Rodriguez,trichards@example.com,44,Paraguay
343,Alan Velazquez,autumnallen@example.com,70,New Caledonia
344,Yvonne Neal,melissabrown@example.net,39,Mauritius
345,Michael Warren,ryan93@example.net,62,Philippines
346,Beth Chapman,julia34@example.com,40,Armenia
347,Rachel Scott,abigail63@example.net,43,North Macedonia
348,Robert Bailey,nunezmelinda@example.org,60,Suriname
349,Mr. Troy Johnson,sandra18@example.org,50,Burundi
350,Benjamin Taylor,cunninghamcandace@example.net,18,Hong Kong
351,Heather Chan,williamcardenas@example.org,18,Micronesia
352,Jennifer Anderson,rsingh@example.net,18,Turkey
353,Melissa Lee,rodriguezmindy@example.com,66,Cote d'Ivoire
354,Julie Gomez,zacharyhaney@example.com,35,Latvia
355,Mark Shaw,ywebb@example.com,46,Bermuda
356,Shane Ramirez,uwalls@example.org,27,Egypt
357,Elaine Boyle,carla16@example.com,44,Senegal
358,Angela Lopez,garciatamara@example.net,37,Chile
359,Karen Powers,mary61@example.org,65,Guatemala
360,Renee Rocha,megan25@example.com,33,Mali
361,Jessica Copeland,sdaniel@example.com,39,United States Virgin Islands
362,Brandon Mathews,cpratt@example.net,48,Saint Pierre and Miquelon
363,Shane Kelly,kristin75@example.org,20,Mexico
364,Amy Newton,dcollins@example.net,49,Fiji
365,Debra Morales,david26@example.net,24,Egypt
366,Amber Burch,bethany33@example.org,54,Brunei Darussalam
367,Joseph Wall,abigailgordon@example.org,53,Somalia
368,Preston Ruiz,brenda32@example.net,70,Ukraine
369,Laura Lee,zlopez@example.com,61,Colombia
370,Brandon Kelly,ochoagary@example.com,68,Myanmar
371,Jose Frey,maria32@example.net,68,Equatorial Guinea
372,Kelly Carter,ewingkerri@example.net,55,Turkmenistan
373,Erin Moss,brian59@example.net,36,Turkey
374,Patrick Carrillo,daycheryl@example.org,63,French Guiana
375,Karen Jennings,randolphjason@example.net,41,Malta
376,Stephanie Mosley,johnbrown@example.com,34,Belize
377,Paul Burns,cruztimothy@example.org,39,Aruba
378,Jennifer Hernandez,jennifer40@example.org,27,Bouvet Island (Bouvetoya)
379,Virginia Andrews,barrysmith@example.org,50,Andorra
380,Clifford James,emiller@example.com,29,Greece
381,Edward Clark,adamsyvonne@example.org,61,Tunisia
382,Jeff Love,greggpope@example.net,62,Cape Verde
383,Bradley Young,wigginssteven@example.org,47,French Guiana
384,Jesus Burgess,richardbailey@example.org,30,France
385,Amanda Henry,vhaynes@example.net,42,Madagascar
386,Jasmine Lara,herreratyler@example.net,38,Macao
387,Jennifer Johnson,christinewilliams@example.net,32,Turkey
388,Erin Jackson,anthony17@example.net,22,Lebanon
389,Kelly Wilson,edgarmoore@example.com,36,Martinique
390,Christopher Mejia,melissa67@example.net,35,British Virgin Islands
391,Nathan Barnes,christina56@example.com,46,Uzbekistan
392,Melissa Garcia,diana30@example.org,68,Vanuatu
393,Ashley Anderson,ebaxter@example.com,70,French Polynesia
394,Dawn Cuevas,veronica97@example.org,57,China
395,Nicole Gates,russellingram@example.org,27,Romania
396,Joshua Ferguson,jenkinsbrandy@example.net,31,Syrian Arab Republic
397,Dorothy Kaiser,manningerika@example.org,31,Myanmar
398,Mario Mcmillan,marthaboyle@example.com,70,Solomon Islands
399,Zachary Campbell,angelasmith@example.org,47,Slovakia (Slovak Republic)
400,Jeffrey Singh,shannon20@example.net,70,Korea
401,Karen Blake,matthew66@example.org,56,Guyana
402,Chad Mcclain,melissa55@example.com,31,Tonga
403,Janet Ward,walkershawn@example.net,56,Slovenia
404,Wanda Butler,emcdaniel@example.net,50,Uganda
405,Michelle Jordan,reidcrystal@example.net,62,Somalia
406,Joseph Jones,jason55@example.net,54,Lao People's Democratic Republic
407,Ryan Reyes,william48@example.net,20,Honduras
408,Christopher Gallagher,woodcarmen@example.net,68,Uganda
409,Eric Watkins,jtaylor@example.net,59,Senegal
410,William Reed,shelleycruz@example.com,39,Sierra Leone
411,William Hernandez,lisa64@example.org,27,Palestinian Territory
412,Belinda Diaz,henryann@example.com,37,Burkina Faso
413,Matthew Glass,nedwards@example.org,61,Lesotho
414,Scott Petty,acostavincent@example.net,70,Lebanon
415,Joshua Craig,danielmitchell@example.com,36,Barbados
416,Jacqueline Sanchez,sara47@example.com,65,Saudi Arabia
417,Emily Knapp,todd64@example.com,68,Greenland
418,Todd Graham,asullivan@example.net,44,Montserrat
419,Sandra Sanchez,brianhudson@example.net,35,Belarus
420,Phyllis Taylor,yatesderek@example.org,23,Holy See (Vatican City State)
421,Brandon Sweeney,sstephenson@example.net,68,Gabon
422,Calvin Harris,ryan27@example.com,32,Fiji
423,Pamela Vazquez,perryderek@example.net,48,Namibia
424,Holly Green,rparsons@example.org,64,Luxembourg
425,Terri Simpson,chambersemily@example.com,56,Tonga
426,Mason Murphy,randy47@example.org,55,Luxembourg
427,Stephanie Bailey,hernandezjustin@example.net,44,Benin
428,Christian Garcia Jr.,lisacollins@example.org,30,Hong Kong
429,Kim Howard,jeremy46@example.net,38,Sri Lanka
430,David Jackson,haysnoah@example.org,35,Monaco
431,Gwendolyn Johnson,martinjerome@example.net,34,Norfolk Island
432,Gary Dyer,felliott@example.com,45,Congo
433,Amanda Kelly,hartbrian@example.org,34,Christmas Island
434,Jodi Torres,mariavargas@example.net,35,Costa Rica
435,Arthur Riley,amanda95@example.org,47,Antarctica (the territory South of 60 deg S)
436,Thomas Schmidt,raytracy@example.net,27,Latvia
437,Mrs. Kimberly Hardin MD,taylortina@example.com,41,Bangladesh
438,David Cox,kennethbautista@example.com,46,Libyan Arab Jamahiriya
439,Stephen Torres,walterdale@example.org,66,Colombia
440,Cynthia Howe,jenna80@example.net,21,Cayman Islands
441,Megan Obrien,susan29@example.org,43,Cape Verde
442,Luis Gibson,omontoya@example.com,25,Niue
443,Patricia Russell,cindypeterson@example.org,64,Jordan
444,Scott Bowman,amy98@example.net,20,Turkmenistan
445,Michael Brown,amendoza@example.net,58,Greece
446,Deanna Juarez,joelray@example.net,34,Hong Kong
447,Dale Horne,hpope@example.org,36,Sudan
448,David Morgan,calvinmendez@example.net,51,Antigua and Barbuda
449,Mark Lee,ibrowning@example.org,36,Mongolia
450,Kenneth Hughes,loganmcmillan@example.net,62,Togo
451,David Ayers,nicholaswilson@example.net,57,Ethiopia
452,Ann Johnson,karenkent@example.net,24,Guam
453,Tara Martin,stacey46@example.com,70,Zimbabwe
454,Brett Smith,valenzuelajames@example.org,43,Belarus
455,Renee Olsen,alexander82@example.com,38,Isle of Man
456,Tammy Mack,calvin64@example.org,35,Grenada
457,Terry Brown,lwilliams@example.com,39,Uganda
458,David Morris,robertsonkevin@example.com,67,Jersey
459,Richard Richardson,sanchezdonna@example.com,62,Palestinian Territory
460,Robert Gamble,wanderson@example.org,50,Italy
461,Jeff Carlson,laura87@example.net,21,Cape Verde
462,Yolanda Cobb,nicholas40@example.net,34,Dominica
463,Jason Smith,georgevincent@example.org,22,United Kingdom
464,Tanner Daniels,sanchezcatherine@example.org,63,Latvia
465,Ricardo Green,pamelamurphy@example.net,23,New Zealand
466,Lisa Benson,sstewart@example.org,23,United Arab Emirates
467,Richard Harrington,davidlee@example.org,26,Sierra Leone
468,Keith Henry,ryates@example.com,27,Oman
469,Lauren Sanders,pdavis@example.net,57,Cayman Islands
470,Scott Ruiz,gary54@example.org,24,Mozambique
471,Kelly Shelton,finleykyle@example.net,48,Serbia
472,Rebecca Lewis,hunterbrittany@example.com,34,Turkmenistan
473,Amy Ryan,burnettdavid@example.com,64,United Arab Emirates
474,Christopher Clark,awalton@example.com,52,Lesotho
475,Jeffrey Romero,lisa63@example.org,43,Kyrgyz Republic
476,Dale Hill,jennifer75@example.net,53,Antarctica (the territory South of 60 deg S)
477,Emily Brown,gerald38@example.org,53,Congo
478,Becky Lopez,randyreyes@example.org,23,Israel
479,Jennifer Marks,bmyers@example.org,67,Nicaragua
480,Erica Adams,william24@example.net,55,French Southern Territories
481,Amy Wood,jamesoconnor@example.org,60,Bouvet Island (Bouvetoya)
482,Christopher Perry,nicole62@example.org,65,Russian Federation
483,Monique Robbins,woodcourtney@example.net,63,Gabon
484,Jodi Williams,spratt@example.com,60,United States Minor Outlying Islands
485,Lacey Cox DVM,thomas70@example.net,59,India
486,Teresa Anderson,jacquelinesmith@example.org,38,Ethiopia
487,Darlene Clark,carterjason@example.net,41,Taiwan
488,John Peters,josephweaver@example.com,66,Martinique
489,Dustin Weaver,tony27@example.org,35,Guam
490,Jasmine Flores,pprice@example.org,45,Congo
491,Christopher Flores,michaelphillips@example.org,23,Japan
492,Bryan Howard,masseyjeffery@example.org,41,Kuwait
493,Karen Smith,hernandezlisa@example.net,45,Central African Republic
494,Jessica Palmer,paige71@example.net,21,United Arab Emirates
495,Samantha Smith,rhouse@example.com,44,Wallis and Futuna
496,Sandra Mcdaniel,leeerin@example.com,41,Belgium
497,Marc Smith,mflores@example.net,45,Guinea
498,Troy Goodman,jason44@example.org,31,Guatemala
499,Sean Ochoa,vegacynthia@example.net,64,Holy See (Vatican City State)
500,Katrina Banks,gphelps@example.net,43,Holy See (Vatican City State)
